GPStime,peakFreq,snr,amplitude,centralFreq,duration,bandwidth,chisq,chisqDof,confidence,id,ifo,label,imgUrl,Q-value
1245134305,49.208,34.746,3.13E-22,88.617,1.25,139.403442,0,0,1,1U9zh3cSvC,H1,Tomte,https://ldas-jobs.ligo-wa.caltech.edu/~gravityspy/runs/O3/Dpe80743fU/1U9zh3cSvC.png,5.657
1245134305,49.208,34.746,3.13E-22,88.617,1.25,139.403442,0,0,1,mv7hQ1X80K,H1,Tomte,https://ldas-jobs.ligo-wa.caltech.edu/~gravityspy/runs/O3/djiGoQdqIT/mv7hQ1X80K.png,5.657
1250326821,39.789,24.284,2.86E-22,1499.684,1.563,2979.367188,0,0,1,8aiQCtoZkf,H1,Tomte,https://ldas-jobs.ligo-wa.caltech.edu/~gravityspy/runs/O3/FGe9K5ydVs/8aiQCtoZkf.png,5.657
1245911191,39.789,24.117,2.85E-22,1191.447,1,2345.063965,0,0,1,K2mPAUToX3,H1,Tomte,https://ldas-jobs.ligo-wa.caltech.edu/~gravityspy/runs/O3/pQEG4IYoGY/K2mPAUToX3.png,5.657
1242152266,39.789,19.526,2.49E-22,73.465,0.75,109.099602,0,0,1,eLUtz4g5Ir,H1,Tomte,https://ldas-jobs.ligo-wa.caltech.edu/~gravityspy/runs/O3/dVUgMYfjDf/eLUtz4g5Ir.png,5.657
1252623340,39.789,22.086,2.60E-22,73.465,0.875,109.099602,0,0,1,41bUDlObuu,H1,Tomte,https://ldas-jobs.ligo-wa.caltech.edu/~gravityspy/runs/O3/t5kRHgL85r/41bUDlObuu.png,5.657
1253739610,49.208,27.375,2.18E-22,2816.992,1.875,5606.408691,0,0,1,Ks9N0pTkvh,H1,Tomte,https://ldas-jobs.ligo-wa.caltech.edu/~gravityspy/runs/O3/05efCdFjfZ/Ks9N0pTkvh.png,5.657
1242522747,49.208,22.508,1.89E-22,88.617,0.75,139.403442,0,0,1,gwSRiD0TMx,H1,Tomte,https://ldas-jobs.ligo-wa.caltech.edu/~gravityspy/runs/O3/WEz8yMTHrw/gwSRiD0TMx.png,5.657
1244181450,39.789,19.2,2.24E-22,2812.146,1,5586.462402,0,0,1,LRmgcZlfrB,H1,Tomte,https://ldas-jobs.ligo-wa.caltech.edu/~gravityspy/runs/O3/zzpxSg7u9b/LRmgcZlfrB.png,5.657
1245403942,39.789,20.342,2.30E-22,442.646,0.75,847.460632,0,0,1,OCoYqFR3qm,H1,Tomte,https://ldas-jobs.ligo-wa.caltech.edu/~gravityspy/runs/O3/ntL2ykuBeM/OCoYqFR3qm.png,5.657
1241720870,39.789,14.22,1.62E-22,73.465,0.75,109.099602,0,0,1,ToxsVth8DD,H1,Tomte,https://ldas-jobs.ligo-wa.caltech.edu/~gravityspy/runs/O3/BQzt4ubJkY/ToxsVth8DD.png,5.657
1253709791,39.789,25.74,3.02E-22,3947.325,1,7856.819824,0,0,1,Sc0j0ymdxK,H1,Tomte,https://ldas-jobs.ligo-wa.caltech.edu/~gravityspy/runs/O3/3Ixn84MhMN/Sc0j0ymdxK.png,5.657
1253924433,49.208,28.816,2.22E-22,886.419,1,1735.00647,0,0,1,diy1onRa66,H1,Tomte,https://ldas-jobs.ligo-wa.caltech.edu/~gravityspy/runs/O3/bM4BYGXoao/diy1onRa66.png,5.657
1251925266,39.789,14.069,1.54E-22,51.307,0.5,64.783051,0,0,1,MTfVu9PCpl,H1,Tomte,https://ldas-jobs.ligo-wa.caltech.edu/~gravityspy/runs/O3/CCPRXHydHj/MTfVu9PCpl.png,5.657
1250316887,49.208,20.158,1.75E-22,1757.11,0.75,3476.389893,0,0,1,KHwr4l8PQ0,H1,Tomte,https://ldas-jobs.ligo-wa.caltech.edu/~gravityspy/runs/O3/duqKRCnriZ/KHwr4l8PQ0.png,5.657
1250502847,39.789,17.915,1.95E-22,163.451,1,289.070923,0,0,1,XMc6z5XOY6,H1,Tomte,https://ldas-jobs.ligo-wa.caltech.edu/~gravityspy/runs/O3/dvUyONLmss/XMc6z5XOY6.png,5.657
1242866309,49.208,64.382,5.72E-22,107.356,1.5,176.880829,0,0,1,H7ZQD7NXKN,H1,Tomte,https://ldas-jobs.ligo-wa.caltech.edu/~gravityspy/runs/O3/kmKpseklMZ/H7ZQD7NXKN.png,5.657
1242866309,49.208,64.382,5.72E-22,107.356,1.5,176.880829,0,0,1,p3o1sOjuCI,H1,Tomte,https://ldas-jobs.ligo-wa.caltech.edu/~gravityspy/runs/O3/C8GWEmZb0B/p3o1sOjuCI.png,5.657
1244577242,39.789,27.496,3.22E-22,73.465,1.25,109.099602,0,0,1,o1IjfUZzbB,H1,Tomte,https://ldas-jobs.ligo-wa.caltech.edu/~gravityspy/runs/O3/pA1C1kuyP5/o1IjfUZzbB.png,5.657
1245134676,49.208,31.384,2.83E-22,1559.369,1,3080.907227,0,0,1,7fT6JYWMNO,H1,Tomte,https://ldas-jobs.ligo-wa.caltech.edu/~gravityspy/runs/O3/Dpe80743fU/7fT6JYWMNO.png,5.657
1245134676,49.208,31.384,2.83E-22,1559.369,1,3080.907227,0,0,1,68PeteKG2R,H1,Tomte,https://ldas-jobs.ligo-wa.caltech.edu/~gravityspy/runs/O3/djiGoQdqIT/68PeteKG2R.png,5.657
1243531734,39.789,23.284,2.78E-22,73.465,1.25,109.099602,0,0,1,GLRDX2a3p7,H1,Tomte,https://ldas-jobs.ligo-wa.caltech.edu/~gravityspy/runs/O3/RHrn5GZ8ES/GLRDX2a3p7.png,5.657
1243531734,39.789,23.284,2.78E-22,73.465,1.25,109.099602,0,0,1,e2oQZqYUYn,H1,Tomte,https://ldas-jobs.ligo-wa.caltech.edu/~gravityspy/runs/O3/X7YH8jGvUl/e2oQZqYUYn.png,5.657
1251124360,39.789,27.332,3.18E-22,2320.768,1.125,4603.705566,0,0,1,I62zFbspmJ,H1,Tomte,https://ldas-jobs.ligo-wa.caltech.edu/~gravityspy/runs/O3/pwijW2ySQ3/I62zFbspmJ.png,5.657
1251401105,39.789,26.945,2.82E-22,73.465,1,109.099602,0,0,1,VkRgxI8kU0,H1,Tomte,https://ldas-jobs.ligo-wa.caltech.edu/~gravityspy/runs/O3/Ta39kPeru2/VkRgxI8kU0.png,5.657
1247725552,49.208,23.287,2.09E-22,88.617,1,139.403442,0,0,1,JyiL1lMuL6,H1,Tomte,https://ldas-jobs.ligo-wa.caltech.edu/~gravityspy/runs/O3/V3v3XsEgZI/JyiL1lMuL6.png,5.657
1249470859,39.789,26.009,2.99E-22,88.617,1.25,139.403442,0,0,1,HlvJsRubr8,H1,Tomte,https://ldas-jobs.ligo-wa.caltech.edu/~gravityspy/runs/O3/Pe5fakp2un/HlvJsRubr8.png,5.657
1244752417,39.789,29.89,3.62E-22,59.403,1.25,88.216827,0,0,1,oTVMt0iRmZ,H1,Tomte,https://ldas-jobs.ligo-wa.caltech.edu/~gravityspy/runs/O3/xFq6S91XVv/oTVMt0iRmZ.png,5.657
1244752417,39.789,29.89,3.62E-22,59.403,1.25,88.216827,0,0,1,VsmErmeVdv,H1,Tomte,https://ldas-jobs.ligo-wa.caltech.edu/~gravityspy/runs/O3/KJTfBC5dJw/VsmErmeVdv.png,5.657
1242853261,39.789,20.862,2.59E-22,61.214,1.125,84.59623,0,0,1,L0E9u737sC,H1,Tomte,https://ldas-jobs.ligo-wa.caltech.edu/~gravityspy/runs/O3/C8GWEmZb0B/L0E9u737sC.png,5.657
1242853261,39.789,20.862,2.59E-22,61.214,1.125,84.59623,0,0,1,BXjqJKeElq,H1,Tomte,https://ldas-jobs.ligo-wa.caltech.edu/~gravityspy/runs/O3/kmKpseklMZ/BXjqJKeElq.png,5.657
1247928188,49.208,17.819,1.55E-22,88.617,0.75,139.403442,0,0,1,4rOfNJE4Kw,H1,Tomte,https://ldas-jobs.ligo-wa.caltech.edu/~gravityspy/runs/O3/gmCYAXknGV/4rOfNJE4Kw.png,5.657
1249484513,39.789,23.787,2.78E-22,73.465,1,109.099602,0,0,1,moM5tqyPY5,H1,Tomte,https://ldas-jobs.ligo-wa.caltech.edu/~gravityspy/runs/O3/6Yt90DjrjC/moM5tqyPY5.png,5.657
1240292510,38.027,37.646,5.53E-22,70.829,1.25,105.757057,0,0,1,C8Tremq1g3,H1,Tomte,https://ldas-jobs.ligo-wa.caltech.edu/~gravityspy/runs/O3/4ZmVCaR1k6/C8Tremq1g3.png,5.657
1242437471,49.208,35.971,3.31E-22,88.617,1,139.403442,0,0,1,J7tqRHbW5r,H1,Tomte,https://ldas-jobs.ligo-wa.caltech.edu/~gravityspy/runs/O3/RaDSHEYG2c/J7tqRHbW5r.png,5.657
1253861785,49.208,28.862,2.25E-22,88.617,1,139.403442,0,0,1,gG1XSsUwAc,H1,Tomte,https://ldas-jobs.ligo-wa.caltech.edu/~gravityspy/runs/O3/nbzfstJFkk/gG1XSsUwAc.png,5.657
1245926819,32.173,16.437,2.80E-22,276.315,0.625,514.798706,0,0,1,2ZRUUhRe2y,H1,Tomte,https://ldas-jobs.ligo-wa.caltech.edu/~gravityspy/runs/O3/pQEG4IYoGY/2ZRUUhRe2y.png,5.657
1253963988,39.789,14.911,1.59E-22,88.617,0.25,139.403442,0,0,1,iiF1s0vQEG,H1,Tomte,https://ldas-jobs.ligo-wa.caltech.edu/~gravityspy/runs/O3/qirKyQBBoz/iiF1s0vQEG.png,5.657
1243891533,39.789,38.332,4.26E-22,380.202,1.5,722.572937,0,0,1,hqvSoxKP0b,H1,Tomte,https://ldas-jobs.ligo-wa.caltech.edu/~gravityspy/runs/O3/GFdEEhvuSH/hqvSoxKP0b.png,5.657
1243891533,39.789,38.332,4.26E-22,380.202,1.5,722.572937,0,0,1,U7uQTaM9ij,H1,Tomte,https://ldas-jobs.ligo-wa.caltech.edu/~gravityspy/runs/O3/SwQKwyd848/U7uQTaM9ij.png,5.657
1250526424,49.208,27.007,2.17E-22,2534.373,1.099,5030.915039,0,0,1,KjN4V3bdgY,H1,Tomte,https://ldas-jobs.ligo-wa.caltech.edu/~gravityspy/runs/O3/YZDJ6lLK1N/KjN4V3bdgY.png,5.657
1251009143,49.208,22.18,1.75E-22,107.356,0.875,176.880829,0,0,1,h3yMjEThRo,H1,Tomte,https://ldas-jobs.ligo-wa.caltech.edu/~gravityspy/runs/O3/Wk8nDUEaGE/h3yMjEThRo.png,5.657
1246356386,49.208,21.988,1.83E-22,117.166,0.781,196.50087,0,0,1,TZzxlIm1PR,H1,Tomte,https://ldas-jobs.ligo-wa.caltech.edu/~gravityspy/runs/O3/f4fWQvqdXV/TZzxlIm1PR.png,5.657
1251977072,39.789,19.768,2.28E-22,3006.031,1.095,5974.231934,0,0,1,Pjz6BmZvvc,H1,Tomte,https://ldas-jobs.ligo-wa.caltech.edu/~gravityspy/runs/O3/SBo1PSnsng/Pjz6BmZvvc.png,5.657
1246575888,49.208,54.679,4.56E-22,88.617,1.25,139.403442,0,0,1,AiS8N0fCAl,H1,Tomte,https://ldas-jobs.ligo-wa.caltech.edu/~gravityspy/runs/O3/ECcJUehItm/AiS8N0fCAl.png,5.657
1243067436,49.208,23.301,2.21E-22,73.465,0.75,109.099602,0,0,1,OA5QbsFdhk,H1,Tomte,https://ldas-jobs.ligo-wa.caltech.edu/~gravityspy/runs/O3/61PwEugaqt/OA5QbsFdhk.png,5.657
1247001105,39.789,16.613,1.80E-22,88.617,0.5,139.403442,0,0,1,wGOV6wa0bC,H1,Tomte,https://ldas-jobs.ligo-wa.caltech.edu/~gravityspy/runs/O3/0SmoyAeZLC/wGOV6wa0bC.png,5.657
1240243511,38.027,32.872,4.48E-22,70.829,1.25,105.757057,0,0,1,Jijp44fApk,H1,Tomte,https://ldas-jobs.ligo-wa.caltech.edu/~gravityspy/runs/O3/4ZmVCaR1k6/Jijp44fApk.png,5.657
1240591251,58.396,31.397,2.27E-22,72.976,1,101.463013,0,0,1,6BZuedwq90,H1,Tomte,https://ldas-jobs.ligo-wa.caltech.edu/~gravityspy/runs/O3/44vWoR4pIb/6BZuedwq90.png,5.657
1248762568,60.857,21.544,1.44E-22,88.617,0.625,139.403442,0,0,1,kp1TDqkeex,H1,Tomte,https://ldas-jobs.ligo-wa.caltech.edu/~gravityspy/runs/O3/YE5u9xEnGQ/kp1TDqkeex.png,5.657
1241144125,49.208,25.612,2.30E-22,88.617,1,139.403442,0,0,1,ssvdopfWzi,H1,Tomte,https://ldas-jobs.ligo-wa.caltech.edu/~gravityspy/runs/O3/bt0OI9Tisr/ssvdopfWzi.png,5.657
1247925206,32.173,23.869,4.62E-22,3457.715,1.25,6884.839844,0,0,1,iuDs1jppnQ,H1,Tomte,https://ldas-jobs.ligo-wa.caltech.edu/~gravityspy/runs/O3/gmCYAXknGV/iuDs1jppnQ.png,5.657
1252508744,49.208,43.083,3.47E-22,73.465,1.125,109.099602,0,0,1,iBF8z4pzvP,H1,Tomte,https://ldas-jobs.ligo-wa.caltech.edu/~gravityspy/runs/O3/8fwlLE3uEP/iBF8z4pzvP.png,5.657
1240730630,49.208,18.011,1.61E-22,73.465,0.875,109.099602,0,0,1,tgE0rSmCLr,H1,Tomte,https://ldas-jobs.ligo-wa.caltech.edu/~gravityspy/runs/O3/9hA63eM4qu/tgE0rSmCLr.png,5.657
1243600702,49.208,17.406,1.68E-22,830.306,0.711,1622.78064,0,0,1,rIA3GIcaui,H1,Tomte,https://ldas-jobs.ligo-wa.caltech.edu/~gravityspy/runs/O3/X7YH8jGvUl/rIA3GIcaui.png,5.657
1243600702,49.208,17.406,1.68E-22,830.306,0.711,1622.78064,0,0,1,X8H2rfXZbZ,H1,Tomte,https://ldas-jobs.ligo-wa.caltech.edu/~gravityspy/runs/O3/RHrn5GZ8ES/X8H2rfXZbZ.png,5.657
1245343078,32.173,14.415,2.66E-22,61.214,0.5,84.59623,0,0,1,9StUVRpTiI,H1,Tomte,https://ldas-jobs.ligo-wa.caltech.edu/~gravityspy/runs/O3/EtohVlx6WE/9StUVRpTiI.png,5.657
1249130852,39.789,19.779,2.22E-22,61.214,0.75,84.59623,0,0,1,HjjTdsVGd5,H1,Tomte,https://ldas-jobs.ligo-wa.caltech.edu/~gravityspy/runs/O3/S4GRa0thRM/HjjTdsVGd5.png,5.657
1245181816,39.789,38.216,4.18E-22,73.465,1.25,109.099602,0,0,1,sXw4F7VDnI,H1,Tomte,https://ldas-jobs.ligo-wa.caltech.edu/~gravityspy/runs/O3/djiGoQdqIT/sXw4F7VDnI.png,5.657
1245181816,39.789,38.216,4.18E-22,73.465,1.25,109.099602,0,0,1,IjHF3IBUBV,H1,Tomte,https://ldas-jobs.ligo-wa.caltech.edu/~gravityspy/runs/O3/Dpe80743fU/IjHF3IBUBV.png,5.657
1243753114,39.789,15.825,1.99E-22,73.465,0.5,109.099602,0,0,1,PzWmgLsxSJ,H1,Tomte,https://ldas-jobs.ligo-wa.caltech.edu/~gravityspy/runs/O3/G58VqAMMVM/PzWmgLsxSJ.png,5.657
1243753114,39.789,15.825,1.99E-22,73.465,0.5,109.099602,0,0,1,8wqXf3s0tg,H1,Tomte,https://ldas-jobs.ligo-wa.caltech.edu/~gravityspy/runs/O3/osiIfb6vM7/8wqXf3s0tg.png,5.657
1247473388,39.789,25.756,3.00E-22,73.465,1.25,109.099602,0,0,1,ZiQQuhR9Wo,H1,Tomte,https://ldas-jobs.ligo-wa.caltech.edu/~gravityspy/runs/O3/xWQdw7W2vG/ZiQQuhR9Wo.png,5.657
1248397357,49.208,31.395,2.57E-22,147.396,1,256.961212,0,0,1,9mUyVJ4NiH,H1,Tomte,https://ldas-jobs.ligo-wa.caltech.edu/~gravityspy/runs/O3/MDZqSTGvHZ/9mUyVJ4NiH.png,5.657
1253541158,39.789,19.842,2.12E-22,61.214,1,84.59623,0,0,1,K1JBjcscl8,H1,Tomte,https://ldas-jobs.ligo-wa.caltech.edu/~gravityspy/runs/O3/QchEIAF7YA/K1JBjcscl8.png,5.657
1253541158,39.789,19.842,2.12E-22,61.214,1,84.59623,0,0,1,bf2wBEFSO4,H1,Tomte,https://ldas-jobs.ligo-wa.caltech.edu/~gravityspy/runs/O3/OrE1e3fQzJ/bf2wBEFSO4.png,5.657
1253541158,39.789,19.842,2.12E-22,61.214,1,84.59623,0,0,1,mfqzEsZ33c,H1,Tomte,https://ldas-jobs.ligo-wa.caltech.edu/~gravityspy/runs/O3/zpdNbPR4jb/mfqzEsZ33c.png,5.657
1253541158,39.789,19.842,2.12E-22,61.214,1,84.59623,0,0,1,omrh3DKlGh,H1,Tomte,https://ldas-jobs.ligo-wa.caltech.edu/~gravityspy/runs/O3/396BxE6kvB/omrh3DKlGh.png,5.657
1244693635,39.789,17.569,2.04E-22,61.214,1.25,84.59623,0,0,1,WioSmFm2VV,H1,Tomte,https://ldas-jobs.ligo-wa.caltech.edu/~gravityspy/runs/O3/pA1C1kuyP5/WioSmFm2VV.png,5.657
1245759274,39.789,21.116,2.48E-22,3136.949,1,6236.067871,0,0,1,YQD6Jdcnoc,H1,Tomte,https://ldas-jobs.ligo-wa.caltech.edu/~gravityspy/runs/O3/aXPOeDAsSl/YQD6Jdcnoc.png,5.657
1241741304,39.789,31.409,3.77E-22,2343.242,1.25,4648.653809,0,0,1,Frz8MUwQWx,H1,Tomte,https://ldas-jobs.ligo-wa.caltech.edu/~gravityspy/runs/O3/BQzt4ubJkY/Frz8MUwQWx.png,5.657
1246695120,49.208,25.189,2.27E-22,238.051,1,438.272125,0,0,1,wysWmZd70J,H1,Tomte,https://ldas-jobs.ligo-wa.caltech.edu/~gravityspy/runs/O3/ECcJUehItm/wysWmZd70J.png,5.657
1249005897,39.789,20.891,2.44E-22,3250.522,0.875,6463.213867,0,0,1,LCdEZggGVX,H1,Tomte,https://ldas-jobs.ligo-wa.caltech.edu/~gravityspy/runs/O3/KaZ2qmwjtD/LCdEZggGVX.png,5.657
1250718496,39.789,18.6,2.10E-22,1502.624,1,2967.416504,0,0,1,n6SapIzh4E,H1,Tomte,https://ldas-jobs.ligo-wa.caltech.edu/~gravityspy/runs/O3/OxGwJK1fpi/n6SapIzh4E.png,5.657
1242455147,49.208,33.289,2.96E-22,88.617,1.25,139.403442,0,0,1,blYoZTjhLM,H1,Tomte,https://ldas-jobs.ligo-wa.caltech.edu/~gravityspy/runs/O3/RaDSHEYG2c/blYoZTjhLM.png,5.657
1247501497,49.208,35.347,3.12E-22,545.19,1.125,1052.550049,0,0,1,ibR1tYVNhO,H1,Tomte,https://ldas-jobs.ligo-wa.caltech.edu/~gravityspy/runs/O3/xWQdw7W2vG/ibR1tYVNhO.png,5.657
1252908336,49.208,31.088,2.64E-22,73.465,1,109.099602,0,0,1,pBNMxMiYI0,H1,Tomte,https://ldas-jobs.ligo-wa.caltech.edu/~gravityspy/runs/O3/QchEIAF7YA/pBNMxMiYI0.png,5.657
1252908336,49.208,31.088,2.64E-22,73.465,1,109.099602,0,0,1,fSVgYIhO7s,H1,Tomte,https://ldas-jobs.ligo-wa.caltech.edu/~gravityspy/runs/O3/OrE1e3fQzJ/fSVgYIhO7s.png,5.657
1252908336,49.208,31.088,2.64E-22,73.465,1,109.099602,0,0,1,f52UzPGCga,H1,Tomte,https://ldas-jobs.ligo-wa.caltech.edu/~gravityspy/runs/O3/396BxE6kvB/f52UzPGCga.png,5.657
1252908336,49.208,31.088,2.64E-22,73.465,1,109.099602,0,0,1,XVTGsCeyUT,H1,Tomte,https://ldas-jobs.ligo-wa.caltech.edu/~gravityspy/runs/O3/zpdNbPR4jb/XVTGsCeyUT.png,5.657
1240377808,47.124,23.443,2.22E-22,3410.143,1.038,6784.384277,0,0,1,WhPbqpQddH,H1,Tomte,https://ldas-jobs.ligo-wa.caltech.edu/~gravityspy/runs/O3/JtnpcgOT02/WhPbqpQddH.png,5.657
1240040763,38.027,18.058,2.33E-22,70.829,0.875,105.757057,0,0,1,VZyB72b7bh,H1,Tomte,https://ldas-jobs.ligo-wa.caltech.edu/~gravityspy/runs/O3/Z6bSnUsJRL/VZyB72b7bh.png,5.657
1251369033,39.789,25.729,2.77E-22,3801.311,1,7564.791016,0,0,1,bP5cZFQcTC,H1,Tomte,https://ldas-jobs.ligo-wa.caltech.edu/~gravityspy/runs/O3/rnkKXuuLJd/bP5cZFQcTC.png,5.657
1252727048,39.789,14.066,1.63E-22,73.465,0.375,109.099602,0,0,1,3YwiLrHx20,H1,Tomte,https://ldas-jobs.ligo-wa.caltech.edu/~gravityspy/runs/O3/JoMTpZCTaJ/3YwiLrHx20.png,5.657
1249472181,49.208,32.552,2.76E-22,1933.055,1.326,3828.279785,0,0,1,Qog03yhs3T,H1,Tomte,https://ldas-jobs.ligo-wa.caltech.edu/~gravityspy/runs/O3/jmN0XIS5NB/Qog03yhs3T.png,5.657
1248877578,39.789,18.967,2.21E-22,194.636,0.938,351.440704,0,0,1,IsNIum5h8w,H1,Tomte,https://ldas-jobs.ligo-wa.caltech.edu/~gravityspy/runs/O3/Kukh6zsuLX/IsNIum5h8w.png,5.657
1244044507,39.789,17.008,1.98E-22,61.214,0.625,84.59623,0,0,1,gQq69prsUH,H1,Tomte,https://ldas-jobs.ligo-wa.caltech.edu/~gravityspy/runs/O3/zzpxSg7u9b/gQq69prsUH.png,5.657
1251957248,49.208,20.319,1.69E-22,2636.031,0.625,5234.22998,0,0,1,uEqNFYddxi,H1,Tomte,https://ldas-jobs.ligo-wa.caltech.edu/~gravityspy/runs/O3/1Y8LY57OBy/uEqNFYddxi.png,5.657
1253203221,49.208,40.19,3.27E-22,88.617,1.5,139.403442,0,0,1,VCAvsr4UuU,H1,Tomte,https://ldas-jobs.ligo-wa.caltech.edu/~gravityspy/runs/O3/OrE1e3fQzJ/VCAvsr4UuU.png,5.657
1253203221,49.208,40.19,3.27E-22,88.617,1.5,139.403442,0,0,1,jrsPunIqzO,H1,Tomte,https://ldas-jobs.ligo-wa.caltech.edu/~gravityspy/runs/O3/396BxE6kvB/jrsPunIqzO.png,5.657
1253203221,49.208,40.19,3.27E-22,88.617,1.5,139.403442,0,0,1,4ABrMA1uPP,H1,Tomte,https://ldas-jobs.ligo-wa.caltech.edu/~gravityspy/runs/O3/zpdNbPR4jb/4ABrMA1uPP.png,5.657
1253203221,49.208,40.19,3.27E-22,88.617,1.5,139.403442,0,0,1,yklDwD19u3,H1,Tomte,https://ldas-jobs.ligo-wa.caltech.edu/~gravityspy/runs/O3/QchEIAF7YA/yklDwD19u3.png,5.657
1244371474,49.208,25.882,2.39E-22,3814.853,0.969,7591.874023,0,0,1,SKcZ208hur,H1,Tomte,https://ldas-jobs.ligo-wa.caltech.edu/~gravityspy/runs/O3/nGAJ03NqQq/SKcZ208hur.png,5.657
1244287135,49.208,24.115,2.10E-22,1841.025,0.947,3644.218506,0,0,1,jyrYdE8G2r,H1,Tomte,https://ldas-jobs.ligo-wa.caltech.edu/~gravityspy/runs/O3/gWblw8Ic9r/jyrYdE8G2r.png,5.657
1243156111,49.208,15.973,1.49E-22,88.617,0.5,139.403442,0,0,1,PUDr6vplsA,H1,Tomte,https://ldas-jobs.ligo-wa.caltech.edu/~gravityspy/runs/O3/61PwEugaqt/PUDr6vplsA.png,5.657
1240376783,38.027,47.887,6.37E-22,3392.064,1.75,6755.157227,0,0,1,0ehc1uFAOd,H1,Tomte,https://ldas-jobs.ligo-wa.caltech.edu/~gravityspy/runs/O3/JtnpcgOT02/0ehc1uFAOd.png,5.657
1250769248,39.789,27.571,3.09E-22,88.617,1.5,139.403442,0,0,1,xbV1gKspxv,H1,Tomte,https://ldas-jobs.ligo-wa.caltech.edu/~gravityspy/runs/O3/BDnoazb78P/xbV1gKspxv.png,5.657
1249126728,49.208,23.042,1.92E-22,73.465,1.25,109.099602,0,0,1,hIN2UNtwsD,H1,Tomte,https://ldas-jobs.ligo-wa.caltech.edu/~gravityspy/runs/O3/CZXw4kilgx/hIN2UNtwsD.png,5.657
1244636250,32.173,24.149,4.49E-22,1597.772,1.25,3164.954346,0,0,1,ymGtxRV0cF,H1,Tomte,https://ldas-jobs.ligo-wa.caltech.edu/~gravityspy/runs/O3/pA1C1kuyP5/ymGtxRV0cF.png,5.657
1246646015,32.173,42.109,7.42E-22,3463.897,1.75,6897.204102,0,0,1,Ccuc87IWne,H1,Tomte,https://ldas-jobs.ligo-wa.caltech.edu/~gravityspy/runs/O3/ECcJUehItm/Ccuc87IWne.png,5.657
1241305516,60.857,24.846,1.55E-22,90.595,0.75,135.447006,0,0,1,JxjdEeLaLn,H1,Tomte,https://ldas-jobs.ligo-wa.caltech.edu/~gravityspy/runs/O3/AgnJHYyWGp/JxjdEeLaLn.png,5.657
1250569589,39.789,19.379,2.08E-22,61.214,0.75,84.59623,0,0,1,rvfwo0N0vy,H1,Tomte,https://ldas-jobs.ligo-wa.caltech.edu/~gravityspy/runs/O3/10UZ8RfdZw/rvfwo0N0vy.png,5.657
1251030890,49.208,28.778,2.31E-22,73.465,1.25,109.099602,0,0,1,UyiebZhV99,H1,Tomte,https://ldas-jobs.ligo-wa.caltech.edu/~gravityspy/runs/O3/RUuORiibVQ/UyiebZhV99.png,5.657
1240761537,39.789,17.782,2.11E-22,73.465,0.75,109.099602,0,0,1,IYIy59yVFJ,H1,Tomte,https://ldas-jobs.ligo-wa.caltech.edu/~gravityspy/runs/O3/oReB800KvK/IYIy59yVFJ.png,5.657
1245180891,39.789,26.484,2.93E-22,127.836,1,217.8414,0,0,1,XgktlvJpEs,H1,Tomte,https://ldas-jobs.ligo-wa.caltech.edu/~gravityspy/runs/O3/Dpe80743fU/XgktlvJpEs.png,5.657
1245180891,39.789,26.484,2.93E-22,127.836,1,217.8414,0,0,1,qCfAOI8jMe,H1,Tomte,https://ldas-jobs.ligo-wa.caltech.edu/~gravityspy/runs/O3/djiGoQdqIT/qCfAOI8jMe.png,5.657
1246482831,39.789,33.261,3.78E-22,107.356,1.5,176.880829,0,0,1,MGK3p3huLD,H1,Tomte,https://ldas-jobs.ligo-wa.caltech.edu/~gravityspy/runs/O3/fJGGrGM5ns/MGK3p3huLD.png,5.657
1251764034,49.208,26.09,2.29E-22,159.191,1.219,280.550781,0,0,1,G1DKrUrFgi,H1,Tomte,https://ldas-jobs.ligo-wa.caltech.edu/~gravityspy/runs/O3/PoZpxwTQqJ/G1DKrUrFgi.png,5.657
1251764034,49.208,26.09,2.29E-22,159.191,1.219,280.550781,0,0,1,FfT3XlqL8Z,H1,Tomte,https://ldas-jobs.ligo-wa.caltech.edu/~gravityspy/runs/O3/wDZHKKDwHv/FfT3XlqL8Z.png,5.657
1249461528,39.789,26.237,3.16E-22,2657.717,1,5277.603027,0,0,1,GmKcKBeirA,H1,Tomte,https://ldas-jobs.ligo-wa.caltech.edu/~gravityspy/runs/O3/muo4fvL14F/GmKcKBeirA.png,5.657
1244039816,39.789,16.85,2.02E-22,73.465,0.5,109.099602,0,0,1,6rB71JDu5B,H1,Tomte,https://ldas-jobs.ligo-wa.caltech.edu/~gravityspy/runs/O3/zzpxSg7u9b/6rB71JDu5B.png,5.657
1243615779,49.208,23.249,2.16E-22,545.19,1.25,1052.550049,0,0,1,PXoLNRfkpO,H1,Tomte,https://ldas-jobs.ligo-wa.caltech.edu/~gravityspy/runs/O3/X7YH8jGvUl/PXoLNRfkpO.png,5.657
1243615779,49.208,23.249,2.16E-22,545.19,1.25,1052.550049,0,0,1,jO2tLmwFqZ,H1,Tomte,https://ldas-jobs.ligo-wa.caltech.edu/~gravityspy/runs/O3/RHrn5GZ8ES/jO2tLmwFqZ.png,5.657
1242568235,39.789,16.863,2.25E-22,61.214,0.875,84.59623,0,0,1,aBp0HHFVIX,H1,Tomte,https://ldas-jobs.ligo-wa.caltech.edu/~gravityspy/runs/O3/WEz8yMTHrw/aBp0HHFVIX.png,5.657
1241586605,39.789,15.472,1.89E-22,51.307,0.5,64.783051,0,0,1,huKZG3u6dA,H1,Tomte,https://ldas-jobs.ligo-wa.caltech.edu/~gravityspy/runs/O3/lBhHUJA2KD/huKZG3u6dA.png,5.657
1243533747,39.789,17.078,2.18E-22,73.465,0.625,109.099602,0,0,1,32NuWyO1Ie,H1,Tomte,https://ldas-jobs.ligo-wa.caltech.edu/~gravityspy/runs/O3/RHrn5GZ8ES/32NuWyO1Ie.png,5.657
1243533747,39.789,17.078,2.18E-22,73.465,0.625,109.099602,0,0,1,5lsrFLN9JT,H1,Tomte,https://ldas-jobs.ligo-wa.caltech.edu/~gravityspy/runs/O3/X7YH8jGvUl/5lsrFLN9JT.png,5.657
1253781471,39.789,13.222,1.43E-22,3134.949,0.375,6232.068359,0,0,1,GO8Byk5XMX,H1,Tomte,https://ldas-jobs.ligo-wa.caltech.edu/~gravityspy/runs/O3/kWvI2vN9wB/GO8Byk5XMX.png,5.657
1241121025,60.857,38.787,2.72E-22,107.356,1,176.880829,0,0,1,cz94oDiNzO,H1,Tomte,https://ldas-jobs.ligo-wa.caltech.edu/~gravityspy/runs/O3/bt0OI9Tisr/cz94oDiNzO.png,5.657
1251605278,39.789,31.061,3.56E-22,86.807,1.25,143.024033,0,0,1,xeZhnuqsYW,H1,Tomte,https://ldas-jobs.ligo-wa.caltech.edu/~gravityspy/runs/O3/fo4YWyCLpp/xeZhnuqsYW.png,5.657
1253241422,39.789,16.02,1.85E-22,51.307,0.5,64.783051,0,0,1,RBGwYgMMCB,H1,Tomte,https://ldas-jobs.ligo-wa.caltech.edu/~gravityspy/runs/O3/QchEIAF7YA/RBGwYgMMCB.png,5.657
1253241422,39.789,16.02,1.85E-22,51.307,0.5,64.783051,0,0,1,9IXKHKwR8k,H1,Tomte,https://ldas-jobs.ligo-wa.caltech.edu/~gravityspy/runs/O3/zpdNbPR4jb/9IXKHKwR8k.png,5.657
1253241422,39.789,16.02,1.85E-22,51.307,0.5,64.783051,0,0,1,Gdh3jFyUyI,H1,Tomte,https://ldas-jobs.ligo-wa.caltech.edu/~gravityspy/runs/O3/396BxE6kvB/Gdh3jFyUyI.png,5.657
1253241422,39.789,16.02,1.85E-22,51.307,0.5,64.783051,0,0,1,QjEVDt4E1Q,H1,Tomte,https://ldas-jobs.ligo-wa.caltech.edu/~gravityspy/runs/O3/OrE1e3fQzJ/QjEVDt4E1Q.png,5.657
1246048570,39.789,14.257,1.67E-22,88.617,0.75,139.403442,0,0,1,oaMtd8PTmo,H1,Tomte,https://ldas-jobs.ligo-wa.caltech.edu/~gravityspy/runs/O3/RMH4GCKVCB/oaMtd8PTmo.png,5.657
1244265329,39.789,17.062,1.99E-22,61.214,0.625,84.59623,0,0,1,ytHlTonU58,H1,Tomte,https://ldas-jobs.ligo-wa.caltech.edu/~gravityspy/runs/O3/gWblw8Ic9r/ytHlTonU58.png,5.657
1242475257,49.208,48.525,4.24E-22,2097.769,1.25,4164.94873,0,0,1,W6u5I3dK9x,H1,Tomte,https://ldas-jobs.ligo-wa.caltech.edu/~gravityspy/runs/O3/RaDSHEYG2c/W6u5I3dK9x.png,5.657
1244278697,49.208,19.479,1.71E-22,73.465,0.5,109.099602,0,0,1,32B4hdlhyh,H1,Tomte,https://ldas-jobs.ligo-wa.caltech.edu/~gravityspy/runs/O3/gWblw8Ic9r/32B4hdlhyh.png,5.657
1251870815,39.789,14.392,1.62E-22,88.617,0.5,139.403442,0,0,1,3PwcCVySi5,H1,Tomte,https://ldas-jobs.ligo-wa.caltech.edu/~gravityspy/runs/O3/1zfuFhpqRJ/3PwcCVySi5.png,5.657
1252080091,32.173,21.824,4.08E-22,51.307,1.25,64.783051,0,0,1,1XjVj0dwKv,H1,Tomte,https://ldas-jobs.ligo-wa.caltech.edu/~gravityspy/runs/O3/0AMJK0BLyP/1XjVj0dwKv.png,5.657
1246453011,49.208,17.542,1.47E-22,3201.925,0.75,6366.019531,0,0,1,uzy3TMMc7o,H1,Tomte,https://ldas-jobs.ligo-wa.caltech.edu/~gravityspy/runs/O3/fJGGrGM5ns/uzy3TMMc7o.png,5.657
1246995032,49.208,21.989,1.91E-22,88.617,0.875,139.403442,0,0,1,nGT2j6x85V,H1,Tomte,https://ldas-jobs.ligo-wa.caltech.edu/~gravityspy/runs/O3/0SmoyAeZLC/nGT2j6x85V.png,5.657
1253436626,39.789,22.675,2.82E-22,1325.001,1,2612.17041,0,0,1,Lej4TpCfNQ,H1,Tomte,https://ldas-jobs.ligo-wa.caltech.edu/~gravityspy/runs/O3/zpdNbPR4jb/Lej4TpCfNQ.png,5.657
1253436626,39.789,22.675,2.82E-22,1325.001,1,2612.17041,0,0,1,PibdjZ4pBk,H1,Tomte,https://ldas-jobs.ligo-wa.caltech.edu/~gravityspy/runs/O3/QchEIAF7YA/PibdjZ4pBk.png,5.657
1253436626,39.789,22.675,2.82E-22,1325.001,1,2612.17041,0,0,1,LFPlxLiTGq,H1,Tomte,https://ldas-jobs.ligo-wa.caltech.edu/~gravityspy/runs/O3/OrE1e3fQzJ/LFPlxLiTGq.png,5.657
1253436626,39.789,22.675,2.82E-22,1325.001,1,2612.17041,0,0,1,w8xL16LpVy,H1,Tomte,https://ldas-jobs.ligo-wa.caltech.edu/~gravityspy/runs/O3/396BxE6kvB/w8xL16LpVy.png,5.657
1247723608,49.208,17.345,1.50E-22,2381.992,1.002,4718.241211,0,0,1,APQ4kiAnHE,H1,Tomte,https://ldas-jobs.ligo-wa.caltech.edu/~gravityspy/runs/O3/V3v3XsEgZI/APQ4kiAnHE.png,5.657
1253630983,39.789,16.76,1.79E-22,51.307,0.75,64.783051,0,0,1,A81NZq3Lcx,H1,Tomte,https://ldas-jobs.ligo-wa.caltech.edu/~gravityspy/runs/O3/bOKatClshx/A81NZq3Lcx.png,5.657
1253630983,39.789,16.76,1.79E-22,51.307,0.75,64.783051,0,0,1,GcmqdXk9Zq,H1,Tomte,https://ldas-jobs.ligo-wa.caltech.edu/~gravityspy/runs/O3/hpCxfGBNBr/GcmqdXk9Zq.png,5.657
1250562135,39.789,33.824,3.76E-22,107.356,1.5,176.880829,0,0,1,5MlDVM5VEy,H1,Tomte,https://ldas-jobs.ligo-wa.caltech.edu/~gravityspy/runs/O3/Qyk7FkIqZo/5MlDVM5VEy.png,5.657
1243314082,39.789,42.445,5.32E-22,71.655,1.5,112.7202,0,0,1,HeL0irwuMu,H1,Tomte,https://ldas-jobs.ligo-wa.caltech.edu/~gravityspy/runs/O3/D7oSDOFWpE/HeL0irwuMu.png,5.657
1241135652,39.789,18.039,2.48E-22,663.802,0.75,1289.772217,0,0,1,CXmGYBW0fh,H1,Tomte,https://ldas-jobs.ligo-wa.caltech.edu/~gravityspy/runs/O3/bt0OI9Tisr/CXmGYBW0fh.png,5.657
1244994483,75.263,17.391,8.98E-23,928.832,0.594,1819.832642,0,0,1,WDM9sfBMMs,H1,Tomte,https://ldas-jobs.ligo-wa.caltech.edu/~gravityspy/runs/O3/4uf3gXgXBd/WDM9sfBMMs.png,5.657
1244994483,75.263,17.391,8.98E-23,928.832,0.594,1819.832642,0,0,1,moZMetB9Jp,H1,Tomte,https://ldas-jobs.ligo-wa.caltech.edu/~gravityspy/runs/O3/k1PsWLV4iy/moZMetB9Jp.png,5.657
1249433073,39.789,14.934,1.87E-22,51.307,0.5,64.783051,0,0,1,uV1XePaOVL,H1,Tomte,https://ldas-jobs.ligo-wa.caltech.edu/~gravityspy/runs/O3/WTFTP2IdE4/uV1XePaOVL.png,5.657
1243637784,39.789,25.655,2.96E-22,107.356,0.75,176.880829,0,0,1,zvexXLpoyM,H1,Tomte,https://ldas-jobs.ligo-wa.caltech.edu/~gravityspy/runs/O3/RHrn5GZ8ES/zvexXLpoyM.png,5.657
1243637784,39.789,25.655,2.96E-22,107.356,0.75,176.880829,0,0,1,og7R29AYaw,H1,Tomte,https://ldas-jobs.ligo-wa.caltech.edu/~gravityspy/runs/O3/X7YH8jGvUl/og7R29AYaw.png,5.657
1247595655,39.789,31.914,3.69E-22,59.403,1.25,88.216827,0,0,1,kgrvuIcM1F,H1,Tomte,https://ldas-jobs.ligo-wa.caltech.edu/~gravityspy/runs/O3/V3v3XsEgZI/kgrvuIcM1F.png,5.657
1247302246,39.789,25.117,3.15E-22,88.617,1,139.403442,0,0,1,RtwHHJyCau,H1,Tomte,https://ldas-jobs.ligo-wa.caltech.edu/~gravityspy/runs/O3/mOXd3L6YN5/RtwHHJyCau.png,5.657
1248249140,39.789,14.373,1.56E-22,51.307,1,64.783051,0,0,1,ULS45cDOVe,H1,Tomte,https://ldas-jobs.ligo-wa.caltech.edu/~gravityspy/runs/O3/fdoyOqpaBp/ULS45cDOVe.png,5.657
1247668970,49.208,27.184,2.41E-22,107.356,1,176.880829,0,0,1,6mPMOSBm4I,H1,Tomte,https://ldas-jobs.ligo-wa.caltech.edu/~gravityspy/runs/O3/V3v3XsEgZI/6mPMOSBm4I.png,5.657
1242470038,49.208,25.307,2.16E-22,1559.369,1,3080.907227,0,0,1,V6O3Pm6N2h,H1,Tomte,https://ldas-jobs.ligo-wa.caltech.edu/~gravityspy/runs/O3/RaDSHEYG2c/V6O3Pm6N2h.png,5.657
1248738665,32.173,35.291,5.98E-22,128.72,1.25,226.850494,0,0,1,XN4rza2HCq,H1,Tomte,https://ldas-jobs.ligo-wa.caltech.edu/~gravityspy/runs/O3/9MHsDsNLaX/XN4rza2HCq.png,5.657
1248738665,32.173,35.291,5.98E-22,128.72,1.25,226.850494,0,0,1,rYlOxWIVBm,H1,Tomte,https://ldas-jobs.ligo-wa.caltech.edu/~gravityspy/runs/O3/J8KpQl6pQo/rYlOxWIVBm.png,5.657
1240411317,47.124,25.98,2.48E-22,103.961,1.25,172.021103,0,0,1,0xQK9jKCVp,H1,Tomte,https://ldas-jobs.ligo-wa.caltech.edu/~gravityspy/runs/O3/UOjQDhiHVl/0xQK9jKCVp.png,5.657
1244179408,39.789,15.253,1.70E-22,2360.518,0.625,4683.20459,0,0,1,Zs465xt7ko,H1,Tomte,https://ldas-jobs.ligo-wa.caltech.edu/~gravityspy/runs/O3/zzpxSg7u9b/Zs465xt7ko.png,5.657
1241769601,39.789,22.247,2.67E-22,574.713,1.07,1111.595093,0,0,1,OKrloLTZmX,H1,Tomte,https://ldas-jobs.ligo-wa.caltech.edu/~gravityspy/runs/O3/BCipbMaBzH/OKrloLTZmX.png,5.657
1253763362,32.173,21.663,3.89E-22,51.307,1.25,64.783051,0,0,1,vn5MeIn8Sb,H1,Tomte,https://ldas-jobs.ligo-wa.caltech.edu/~gravityspy/runs/O3/nKGCFgn0C1/vn5MeIn8Sb.png,5.657
1250505127,60.857,15.421,1.00E-22,2381.992,0.828,4718.241211,0,0,1,6b3SqXX5PY,H1,Tomte,https://ldas-jobs.ligo-wa.caltech.edu/~gravityspy/runs/O3/o9uDEaaS1T/6b3SqXX5PY.png,5.657
1247223986,49.208,13.815,1.25E-22,75.443,0.625,105.143173,0,0,1,IBHYeWjlyx,H1,Tomte,https://ldas-jobs.ligo-wa.caltech.edu/~gravityspy/runs/O3/aKJYyyTrh1/IBHYeWjlyx.png,5.657
1247189972,39.789,12.554,1.46E-22,51.307,0.5,64.783051,0,0,1,YWQ6UNSETm,H1,Tomte,https://ldas-jobs.ligo-wa.caltech.edu/~gravityspy/runs/O3/aKJYyyTrh1/YWQ6UNSETm.png,5.657
1249049606,49.208,36.838,3.23E-22,130.53,1.125,223.229904,0,0,1,YI8wOQzF5J,H1,Tomte,https://ldas-jobs.ligo-wa.caltech.edu/~gravityspy/runs/O3/QOvB0UIiKq/YI8wOQzF5J.png,5.657
1249330996,32.173,29.669,5.52E-22,59.403,1.25,88.216827,0,0,1,jDCNDpY1Wk,H1,Tomte,https://ldas-jobs.ligo-wa.caltech.edu/~gravityspy/runs/O3/biKjAtSN1g/jDCNDpY1Wk.png,5.657
1251343826,32.173,14.813,2.61E-22,455.586,1.554,873.340454,0,0,1,RNC65dSJVB,H1,Tomte,https://ldas-jobs.ligo-wa.caltech.edu/~gravityspy/runs/O3/cja3BocYwW/RNC65dSJVB.png,5.657
1241272783,39.789,15.484,2.17E-22,63.192,0.75,80.639801,0,0,1,ZV9cIldzW9,H1,Tomte,https://ldas-jobs.ligo-wa.caltech.edu/~gravityspy/runs/O3/AgnJHYyWGp/ZV9cIldzW9.png,5.657
1239545748,47.124,34.129,3.23E-22,126.683,1,217.464905,0,0,1,wb0C1IShmZ,H1,Tomte,https://ldas-jobs.ligo-wa.caltech.edu/~gravityspy/runs/O3/Q0e09wdFJE/wb0C1IShmZ.png,5.657
1245062815,39.789,35.229,4.59E-22,3408.815,1.5,6787.040039,0,0,1,0zPHNBc28L,H1,Tomte,https://ldas-jobs.ligo-wa.caltech.edu/~gravityspy/runs/O3/Dpe80743fU/0zPHNBc28L.png,5.657
1245062815,39.789,35.229,4.59E-22,3408.815,1.5,6787.040039,0,0,1,l4o2FE9UAp,H1,Tomte,https://ldas-jobs.ligo-wa.caltech.edu/~gravityspy/runs/O3/djiGoQdqIT/l4o2FE9UAp.png,5.657
1245129891,32.173,16.222,2.98E-22,1926.266,1.5,3814.700195,0,0,1,dfEqiVtXij,H1,Tomte,https://ldas-jobs.ligo-wa.caltech.edu/~gravityspy/runs/O3/Dpe80743fU/dfEqiVtXij.png,5.657
1245129891,32.173,16.222,2.98E-22,1926.266,1.5,3814.700195,0,0,1,Wqtq8aKCCR,H1,Tomte,https://ldas-jobs.ligo-wa.caltech.edu/~gravityspy/runs/O3/djiGoQdqIT/Wqtq8aKCCR.png,5.657
1244167713,49.208,25.176,2.14E-22,107.356,1,176.880829,0,0,1,dN3RH5Y0el,H1,Tomte,https://ldas-jobs.ligo-wa.caltech.edu/~gravityspy/runs/O3/zzpxSg7u9b/dN3RH5Y0el.png,5.657
1252657381,39.789,37.503,4.13E-22,2636.031,1.33,5234.22998,0,0,1,IbZK4o2iqG,H1,Tomte,https://ldas-jobs.ligo-wa.caltech.edu/~gravityspy/runs/O3/dta6Fm8qfl/IbZK4o2iqG.png,5.657
1247892991,39.789,21.787,2.46E-22,2030.658,1.25,4023.485352,0,0,1,lsC2JOE8Nw,H1,Tomte,https://ldas-jobs.ligo-wa.caltech.edu/~gravityspy/runs/O3/dnfXTp0nZm/lsC2JOE8Nw.png,5.657
1249778786,39.789,29.438,3.40E-22,88.617,1.125,139.403442,0,0,1,CnYQnMmb9h,H1,Tomte,https://ldas-jobs.ligo-wa.caltech.edu/~gravityspy/runs/O3/TzYSee0fDS/CnYQnMmb9h.png,5.657
1243470050,60.857,14.529,1.03E-22,88.617,0.375,139.403442,0,0,1,ttcKqYxZ3h,H1,Tomte,https://ldas-jobs.ligo-wa.caltech.edu/~gravityspy/runs/O3/nUSas3AiHI/ttcKqYxZ3h.png,5.657
1243470050,60.857,14.529,1.03E-22,88.617,0.375,139.403442,0,0,1,1TbFdT9v60,H1,Tomte,https://ldas-jobs.ligo-wa.caltech.edu/~gravityspy/runs/O3/irMt4bbHDd/1TbFdT9v60.png,5.657
1243264355,49.208,24.159,2.10E-22,107.356,1,176.880829,0,0,1,rzc4y1cha2,H1,Tomte,https://ldas-jobs.ligo-wa.caltech.edu/~gravityspy/runs/O3/D7oSDOFWpE/rzc4y1cha2.png,5.657
1252995661,49.208,27.082,2.14E-22,2657.717,0.875,5277.603027,0,0,1,PkWBCiCKO4,H1,Tomte,https://ldas-jobs.ligo-wa.caltech.edu/~gravityspy/runs/O3/zpdNbPR4jb/PkWBCiCKO4.png,5.657
1252995661,49.208,27.082,2.14E-22,2657.717,0.875,5277.603027,0,0,1,BXY7wzgd4R,H1,Tomte,https://ldas-jobs.ligo-wa.caltech.edu/~gravityspy/runs/O3/396BxE6kvB/BXY7wzgd4R.png,5.657
1252995661,49.208,27.082,2.14E-22,2657.717,0.875,5277.603027,0,0,1,TtbtrY6x1k,H1,Tomte,https://ldas-jobs.ligo-wa.caltech.edu/~gravityspy/runs/O3/QchEIAF7YA/TtbtrY6x1k.png,5.657
1252995661,49.208,27.082,2.14E-22,2657.717,0.875,5277.603027,0,0,1,gfmRYLPG9O,H1,Tomte,https://ldas-jobs.ligo-wa.caltech.edu/~gravityspy/runs/O3/OrE1e3fQzJ/gfmRYLPG9O.png,5.657
1240302353,58.396,26.67,1.94E-22,87.773,0.75,131.055557,0,0,1,4gfDcHY2lN,H1,Tomte,https://ldas-jobs.ligo-wa.caltech.edu/~gravityspy/runs/O3/4ZmVCaR1k6/4gfDcHY2lN.png,5.657
1248752320,49.208,26.09,2.25E-22,88.617,1.25,139.403442,0,0,1,SzEaacyuWe,H1,Tomte,https://ldas-jobs.ligo-wa.caltech.edu/~gravityspy/runs/O3/tMmlk6XNN6/SzEaacyuWe.png,5.657
1248752320,49.208,26.09,2.25E-22,88.617,1.25,139.403442,0,0,1,TGieii5CNG,H1,Tomte,https://ldas-jobs.ligo-wa.caltech.edu/~gravityspy/runs/O3/rP50qNZb96/TGieii5CNG.png,5.657
1247046876,39.789,34.155,4.01E-22,86.807,1,143.024033,0,0,1,LP5tKEvBRs,H1,Tomte,https://ldas-jobs.ligo-wa.caltech.edu/~gravityspy/runs/O3/0SmoyAeZLC/LP5tKEvBRs.png,5.657
1252715583,49.208,15.605,1.37E-22,1466.044,0.574,2886.344971,0,0,1,B0JDwDFLd9,H1,Tomte,https://ldas-jobs.ligo-wa.caltech.edu/~gravityspy/runs/O3/IeMzl3Sap2/B0JDwDFLd9.png,5.657
1246408200,39.789,16.002,1.82E-22,107.356,0.75,176.880829,0,0,1,ZVKPKz12fa,H1,Tomte,https://ldas-jobs.ligo-wa.caltech.edu/~gravityspy/runs/O3/fJGGrGM5ns/ZVKPKz12fa.png,5.657
1244603605,60.857,16.881,1.12E-22,107.356,0.75,176.880829,0,0,1,sgHFITI2Ga,H1,Tomte,https://ldas-jobs.ligo-wa.caltech.edu/~gravityspy/runs/O3/pA1C1kuyP5/sgHFITI2Ga.png,5.657
1247560914,39.789,14.157,1.65E-22,2481.084,0.75,4924.336426,0,0,1,xx387ISUb4,H1,Tomte,https://ldas-jobs.ligo-wa.caltech.edu/~gravityspy/runs/O3/xWQdw7W2vG/xx387ISUb4.png,5.657
1244059570,49.208,33.503,3.00E-22,130.53,1,223.229904,0,0,1,OOoHrD4BrI,H1,Tomte,https://ldas-jobs.ligo-wa.caltech.edu/~gravityspy/runs/O3/zzpxSg7u9b/OOoHrD4BrI.png,5.657
1252439224,39.789,39.935,5.05E-22,2263.028,1.5,4495.46582,0,0,1,2Ygnmmamwq,H1,Tomte,https://ldas-jobs.ligo-wa.caltech.edu/~gravityspy/runs/O3/IaHxr1Ond5/2Ygnmmamwq.png,5.657
1246807517,49.208,46.758,4.19E-22,1021.006,1.5,2011.42334,0,0,1,ot7OtilJGo,H1,Tomte,https://ldas-jobs.ligo-wa.caltech.edu/~gravityspy/runs/O3/hCvDombjLH/ot7OtilJGo.png,5.657
1240747099,60.857,20.769,1.33E-22,2083.092,0.875,4128.352539,0,0,1,3gho0QERHq,H1,Tomte,https://ldas-jobs.ligo-wa.caltech.edu/~gravityspy/runs/O3/9hA63eM4qu/3gho0QERHq.png,5.657
1251952830,39.789,34.726,3.82E-22,86.807,1.25,143.024033,0,0,1,i4P4r4kVHI,H1,Tomte,https://ldas-jobs.ligo-wa.caltech.edu/~gravityspy/runs/O3/lznw1ygbn9/i4P4r4kVHI.png,5.657
1240751222,39.789,15.29,1.85E-22,701.959,0.5,1366.086548,0,0,1,xHaTE60ifi,H1,Tomte,https://ldas-jobs.ligo-wa.caltech.edu/~gravityspy/runs/O3/9hA63eM4qu/xHaTE60ifi.png,5.657
1246033599,39.789,38.696,4.45E-22,698.87,1.25,1367.150635,0,0,1,iKsM3WSWZl,H1,Tomte,https://ldas-jobs.ligo-wa.caltech.edu/~gravityspy/runs/O3/RMH4GCKVCB/iKsM3WSWZl.png,5.657
1242375267,60.857,28.953,2.01E-22,2121.92,0.75,4206.009766,0,0,1,u3PMaYk6CD,H1,Tomte,https://ldas-jobs.ligo-wa.caltech.edu/~gravityspy/runs/O3/RaDSHEYG2c/u3PMaYk6CD.png,5.657
1240726903,39.789,43.445,5.52E-22,2671.34,2.256,5312.09082,0,0,1,2LsBqyKedp,H1,Tomte,https://ldas-jobs.ligo-wa.caltech.edu/~gravityspy/runs/O3/9hA63eM4qu/2LsBqyKedp.png,5.657
1250141840,39.789,16.575,1.79E-22,61.214,0.875,84.59623,0,0,1,Yn1IJaO2uN,H1,Tomte,https://ldas-jobs.ligo-wa.caltech.edu/~gravityspy/runs/O3/sxB43QfDDf/Yn1IJaO2uN.png,5.657
1251555853,32.173,17.286,3.01E-22,43.297,1,48.762321,0,0,1,H3om6qXcH6,H1,Tomte,https://ldas-jobs.ligo-wa.caltech.edu/~gravityspy/runs/O3/AIbalD9N0P/H3om6qXcH6.png,5.657
1240960062,49.208,24.641,2.26E-22,73.465,0.5,109.099602,0,0,1,2GQ7d4lFWB,H1,Tomte,https://ldas-jobs.ligo-wa.caltech.edu/~gravityspy/runs/O3/r0VbxXYpoO/2GQ7d4lFWB.png,5.657
1239944108,47.124,32.971,3.18E-22,3030.129,1.25,6015.768066,0,0,1,O22jGCnmBU,H1,Tomte,https://ldas-jobs.ligo-wa.caltech.edu/~gravityspy/runs/O3/YypWz2EQVf/O22jGCnmBU.png,5.657
1246283760,49.208,32.112,2.76E-22,1662.317,1.25,3286.803955,0,0,1,t4zoeGepXp,H1,Tomte,https://ldas-jobs.ligo-wa.caltech.edu/~gravityspy/runs/O3/f4fWQvqdXV/t4zoeGepXp.png,5.657
1245448089,39.789,15.727,1.85E-22,2489.545,0.682,4933.345703,0,0,1,3VUpPBsNtZ,H1,Tomte,https://ldas-jobs.ligo-wa.caltech.edu/~gravityspy/runs/O3/ntL2ykuBeM/3VUpPBsNtZ.png,5.657
1251839620,39.789,31.257,3.75E-22,670.199,1.534,1309.80896,0,0,1,wStR7EZNsH,H1,Tomte,https://ldas-jobs.ligo-wa.caltech.edu/~gravityspy/runs/O3/lxtuVRTm0i/wStR7EZNsH.png,5.657
1252900671,49.208,18.691,1.61E-22,88.617,0.625,139.403442,0,0,1,8xwjTr8RuM,H1,Tomte,https://ldas-jobs.ligo-wa.caltech.edu/~gravityspy/runs/O3/QchEIAF7YA/8xwjTr8RuM.png,5.657
1252900671,49.208,18.691,1.61E-22,88.617,0.625,139.403442,0,0,1,TOUlr4Q7IC,H1,Tomte,https://ldas-jobs.ligo-wa.caltech.edu/~gravityspy/runs/O3/zpdNbPR4jb/TOUlr4Q7IC.png,5.657
1252900671,49.208,18.691,1.61E-22,88.617,0.625,139.403442,0,0,1,dRtAbfG3RF,H1,Tomte,https://ldas-jobs.ligo-wa.caltech.edu/~gravityspy/runs/O3/OrE1e3fQzJ/dRtAbfG3RF.png,5.657
1252900671,49.208,18.691,1.61E-22,88.617,0.625,139.403442,0,0,1,9D6AVP8FbH,H1,Tomte,https://ldas-jobs.ligo-wa.caltech.edu/~gravityspy/runs/O3/396BxE6kvB/9D6AVP8FbH.png,5.657
1243953564,49.208,35.313,3.02E-22,107.356,1.5,176.880829,0,0,1,NgVNxZfnef,H1,Tomte,https://ldas-jobs.ligo-wa.caltech.edu/~gravityspy/runs/O3/GFdEEhvuSH/NgVNxZfnef.png,5.657
1243953564,49.208,35.313,3.02E-22,107.356,1.5,176.880829,0,0,1,JeU7qWnBl1,H1,Tomte,https://ldas-jobs.ligo-wa.caltech.edu/~gravityspy/runs/O3/SwQKwyd848/JeU7qWnBl1.png,5.657
1247311112,49.208,21.002,2.03E-22,2565.364,0.75,5092.897949,0,0,1,1rA9yzQJfo,H1,Tomte,https://ldas-jobs.ligo-wa.caltech.edu/~gravityspy/runs/O3/mOXd3L6YN5/1rA9yzQJfo.png,5.657
1239769150,47.124,24.534,2.27E-22,156.988,0.875,269.485413,0,0,1,8dXc3JunET,H1,Tomte,https://ldas-jobs.ligo-wa.caltech.edu/~gravityspy/runs/O3/E8cAXWnuJ2/8dXc3JunET.png,5.657
1252957102,32.173,23.284,4.08E-22,852.909,1.052,1675.229248,0,0,1,Ld9Wz2G09E,H1,Tomte,https://ldas-jobs.ligo-wa.caltech.edu/~gravityspy/runs/O3/396BxE6kvB/Ld9Wz2G09E.png,5.657
1252957102,32.173,23.284,4.08E-22,852.909,1.052,1675.229248,0,0,1,BXC0eKxmlv,H1,Tomte,https://ldas-jobs.ligo-wa.caltech.edu/~gravityspy/runs/O3/zpdNbPR4jb/BXC0eKxmlv.png,5.657
1252957102,32.173,23.284,4.08E-22,852.909,1.052,1675.229248,0,0,1,zknQVaCJug,H1,Tomte,https://ldas-jobs.ligo-wa.caltech.edu/~gravityspy/runs/O3/OrE1e3fQzJ/zknQVaCJug.png,5.657
1252957102,32.173,23.284,4.08E-22,852.909,1.052,1675.229248,0,0,1,nHBlKecMiz,H1,Tomte,https://ldas-jobs.ligo-wa.caltech.edu/~gravityspy/runs/O3/QchEIAF7YA/nHBlKecMiz.png,5.657
1241787600,39.789,15.651,1.86E-22,2170.851,0.657,4303.871582,0,0,1,aKuxKNosXW,H1,Tomte,https://ldas-jobs.ligo-wa.caltech.edu/~gravityspy/runs/O3/BCipbMaBzH/aKuxKNosXW.png,5.657
1246275885,39.789,29.416,3.62E-22,2061.545,1.25,4085.259277,0,0,1,35KSBXYxQg,H1,Tomte,https://ldas-jobs.ligo-wa.caltech.edu/~gravityspy/runs/O3/f4fWQvqdXV/35KSBXYxQg.png,5.657
1238833009,38.027,15.549,2.44E-22,728.806,1.059,1421.709717,0,0,1,V9PzOk1l0L,H1,Tomte,https://ldas-jobs.ligo-wa.caltech.edu/~gravityspy/runs/O3/D2cSgrggZD/V9PzOk1l0L.png,5.657
1247704365,49.208,24.947,2.05E-22,159.191,0.75,280.550781,0,0,1,pxAIWIP4C9,H1,Tomte,https://ldas-jobs.ligo-wa.caltech.edu/~gravityspy/runs/O3/V3v3XsEgZI/pxAIWIP4C9.png,5.657
1253312590,39.789,17.169,1.97E-22,916.09,0.533,1794.35022,0,0,1,5TsehXV332,H1,Tomte,https://ldas-jobs.ligo-wa.caltech.edu/~gravityspy/runs/O3/QchEIAF7YA/5TsehXV332.png,5.657
1253312590,39.789,17.169,1.97E-22,916.09,0.533,1794.35022,0,0,1,XO1cWS0K8W,H1,Tomte,https://ldas-jobs.ligo-wa.caltech.edu/~gravityspy/runs/O3/OrE1e3fQzJ/XO1cWS0K8W.png,5.657
1253312590,39.789,17.169,1.97E-22,916.09,0.533,1794.35022,0,0,1,4xQxdEj6fx,H1,Tomte,https://ldas-jobs.ligo-wa.caltech.edu/~gravityspy/runs/O3/zpdNbPR4jb/4xQxdEj6fx.png,5.657
1253312590,39.789,17.169,1.97E-22,916.09,0.533,1794.35022,0,0,1,dH5Y6RNDi4,H1,Tomte,https://ldas-jobs.ligo-wa.caltech.edu/~gravityspy/runs/O3/396BxE6kvB/dH5Y6RNDi4.png,5.657
1240408809,58.396,19.501,1.33E-22,87.773,0.5,131.055557,0,0,1,ipn4k9lJk2,H1,Tomte,https://ldas-jobs.ligo-wa.caltech.edu/~gravityspy/runs/O3/UOjQDhiHVl/ipn4k9lJk2.png,5.657
1243342339,49.208,16.191,1.55E-22,75.443,0.375,105.143173,0,0,1,fDUHuLsdx2,H1,Tomte,https://ldas-jobs.ligo-wa.caltech.edu/~gravityspy/runs/O3/irMt4bbHDd/fDUHuLsdx2.png,5.657
1243342339,49.208,16.191,1.55E-22,75.443,0.375,105.143173,0,0,1,efVu98QQ6Z,H1,Tomte,https://ldas-jobs.ligo-wa.caltech.edu/~gravityspy/runs/O3/nUSas3AiHI/efVu98QQ6Z.png,5.657
1245744676,32.173,12.991,2.18E-22,973.231,0.5,1908.630615,0,0,1,WgHmA1rcDN,H1,Tomte,https://ldas-jobs.ligo-wa.caltech.edu/~gravityspy/runs/O3/aXPOeDAsSl/WgHmA1rcDN.png,5.657
1244089534,39.789,30.609,3.62E-22,130.53,1.125,223.229904,0,0,1,qvnFYG5aio,H1,Tomte,https://ldas-jobs.ligo-wa.caltech.edu/~gravityspy/runs/O3/zzpxSg7u9b/qvnFYG5aio.png,5.657
1241182425,49.208,25.779,2.59E-22,3134.949,0.75,6232.068359,0,0,1,DIS22C1Z3P,H1,Tomte,https://ldas-jobs.ligo-wa.caltech.edu/~gravityspy/runs/O3/Sd1jjj1Y4K/DIS22C1Z3P.png,5.657
1240960062,49.208,26.241,2.33E-22,238.471,0.5,439.111755,0,0,1,6RUkdDnLH1,H1,Tomte,https://ldas-jobs.ligo-wa.caltech.edu/~gravityspy/runs/O3/r0VbxXYpoO/6RUkdDnLH1.png,5.657
1251291830,39.789,20.638,2.21E-22,1097.386,0.641,2156.941895,0,0,1,ysMllfK5HY,H1,Tomte,https://ldas-jobs.ligo-wa.caltech.edu/~gravityspy/runs/O3/Js7PzKxGut/ysMllfK5HY.png,5.657
1240876802,49.208,43.834,4.32E-22,2974.008,1.207,5910.185059,0,0,1,KWgQDoJnQs,H1,Tomte,https://ldas-jobs.ligo-wa.caltech.edu/~gravityspy/runs/O3/BJBmNZnL8H/KWgQDoJnQs.png,5.657
1248969609,39.789,21.723,2.32E-22,920.188,1.5,1802.54541,0,0,1,ecHykSHS2b,H1,Tomte,https://ldas-jobs.ligo-wa.caltech.edu/~gravityspy/runs/O3/flg9e3l0I3/ecHykSHS2b.png,5.657
1251303767,32.173,25.178,4.37E-22,1021.006,1.25,2011.42334,0,0,1,ALsor7ftjU,H1,Tomte,https://ldas-jobs.ligo-wa.caltech.edu/~gravityspy/runs/O3/sXZxP0Fud2/ALsor7ftjU.png,5.657
1245707275,49.208,39.348,3.48E-22,105.546,1.25,180.501419,0,0,1,ueLagfRlWf,H1,Tomte,https://ldas-jobs.ligo-wa.caltech.edu/~gravityspy/runs/O3/aXPOeDAsSl/ueLagfRlWf.png,5.657
1245967529,39.789,14.93,1.77E-22,51.307,0.5,64.783051,0,0,1,s3jTJhJsKv,H1,Tomte,https://ldas-jobs.ligo-wa.caltech.edu/~gravityspy/runs/O3/pQEG4IYoGY/s3jTJhJsKv.png,5.657
1242202912,39.789,30.617,4.31E-22,2380.014,1.576,4722.197754,0,0,1,GYWdqk0GsF,H1,Tomte,https://ldas-jobs.ligo-wa.caltech.edu/~gravityspy/runs/O3/dVUgMYfjDf/GYWdqk0GsF.png,5.657
1243352667,39.789,14.234,1.66E-22,3459.525,0.75,6881.219238,0,0,1,drPu9wCZM8,H1,Tomte,https://ldas-jobs.ligo-wa.caltech.edu/~gravityspy/runs/O3/irMt4bbHDd/drPu9wCZM8.png,5.657
1243352667,39.789,14.234,1.66E-22,3459.525,0.75,6881.219238,0,0,1,C6O2wumPgA,H1,Tomte,https://ldas-jobs.ligo-wa.caltech.edu/~gravityspy/runs/O3/nUSas3AiHI/C6O2wumPgA.png,5.657
1244362400,39.789,33.296,4.00E-22,238.471,1.313,439.111755,0,0,1,VzehZppaOn,H1,Tomte,https://ldas-jobs.ligo-wa.caltech.edu/~gravityspy/runs/O3/nGAJ03NqQq/VzehZppaOn.png,5.657
1242778838,39.789,14.988,2.08E-22,51.307,0.75,64.783051,0,0,0.999,gJSZlVqpd5,H1,Tomte,https://ldas-jobs.ligo-wa.caltech.edu/~gravityspy/runs/O3/DaS4cfbkaN/gJSZlVqpd5.png,5.657
1242778838,39.789,14.988,2.08E-22,51.307,0.75,64.783051,0,0,0.999,lM3oLN9rKd,H1,Tomte,https://ldas-jobs.ligo-wa.caltech.edu/~gravityspy/runs/O3/s8kAnd1ddA/lM3oLN9rKd.png,5.657
1240736796,39.789,35.797,4.56E-22,59.403,1.5,88.216827,0,0,0.999,We1ZQi167V,H1,Tomte,https://ldas-jobs.ligo-wa.caltech.edu/~gravityspy/runs/O3/9hA63eM4qu/We1ZQi167V.png,5.657
1242381222,49.208,19.966,2.00E-22,78.765,1,111.785728,0,0,0.999,lhw2rGwyAY,H1,Tomte,https://ldas-jobs.ligo-wa.caltech.edu/~gravityspy/runs/O3/RaDSHEYG2c/lhw2rGwyAY.png,5.657
1248913593,39.789,51.619,5.65E-22,645.441,1.25,1253.050293,0,0,0.999,sE15S0Tk59,H1,Tomte,https://ldas-jobs.ligo-wa.caltech.edu/~gravityspy/runs/O3/YJjbRScIYj/sE15S0Tk59.png,5.657
1251859304,49.208,24.965,2.20E-22,88.617,1,139.403442,0,0,0.999,zxKggLePrY,H1,Tomte,https://ldas-jobs.ligo-wa.caltech.edu/~gravityspy/runs/O3/57p6XJUDGn/zxKggLePrY.png,5.657
1247810989,49.208,51.455,4.42E-22,105.546,1.25,180.501419,0,0,0.999,0abju0qvYE,H1,Tomte,https://ldas-jobs.ligo-wa.caltech.edu/~gravityspy/runs/O3/dnfXTp0nZm/0abju0qvYE.png,5.657
1253933873,39.789,33.005,3.71E-22,71.655,1.5,112.7202,0,0,0.999,9iV4swNt1a,H1,Tomte,https://ldas-jobs.ligo-wa.caltech.edu/~gravityspy/runs/O3/rRfMEGd4P7/9iV4swNt1a.png,5.657
